username,password,firstname
jennifer39@yahoo.com , rS;k|9Y1 , jennifer 
Margaret37@outlook.com , (6NI9Mlx , Margaret 
Fatima73@msn.com , :<O6Xr(1 , Fatima 
Lisa76@rediffmail.com ," 9E""B^paD ", Lisa 
Elif7@live.com , a[#u9|5} , Elif 
Lisa80@outlook.com , ;Oo&aDTN , Lisa 
Emily17@comcast.net , j+X@amzO , Emily 
Michael85@hotmail.com , nsB_O({- , Michael 
Zane94@comcast.net , Qe5iMhz| , Zane 
jennifer89@aol.com , \=vg'MNU , jennifer 
Lisa54@comcast.net , **g|KHUk , Lisa 
jennifer16@outlook.com , Rn}NFy`+ , jennifer 
david41@msn.com , 83=_92tM , david 
Chenguang6@icloud.com , -6R{SM0[ , Chenguang 
Jennifer21@msn.com , $zet1@BJ , Jennifer 
Adira41@live.com , 4)XDe$:v , Adira 
Emeka62@gmail.com , 1dipAf3: , Emeka 
Kenneth48@comcast.net , rm~Et52p , Kenneth 
Dalia65@msn.com , =xiBu$ea , Dalia 
Xiomara20@aol.com , r*0z\KIS , Xiomara 
patricia81@outlook.com , ?mX0Ni_2 , patricia 
Elif51@comcast.net , l[e.PEto , Elif 
patricia77@outlook.com , `KvW!M)t , patricia 
david69@comcast.net , {o`AIHLv , david 
Zane94@hotmail.com , Eg+R['ua , Zane 
Edward96@icloud.com , ux{s/v'i , Edward 
Duha41@rediffmail.com , =Y$o58c{ , Duha 
Stephanie34@aol.com , $'Nm&hGx , Stephanie 
Oluchi65@icloud.com , ??]Ct'JS , Oluchi 
Wafaa56@msn.com , %$lH~:Ua , Wafaa 
Makena6@msn.com , |fqF[++u , Makena 
Emily17@hotmail.com , kR]~u%c& , Emily 
Ashley33@gmail.com ," :]""k2MFL ", Ashley 
Xiomara53@hotmail.com , kU:+PHZS , Xiomara 
John89@outlook.com , 4/D%O;S( , John 
jennifer16@aol.com , Grk.W~s/ , jennifer 
Joseph72@gmail.com , X\gBR4Pi , Joseph 
Makena53@outlook.com , /;Wu<AL1 , Makena 
charles60@msn.com , dvjh'`GR , charles 
Andrew47@comcast.net , ^04)MLa] , Andrew 
Emily77@aol.com , x1uR5K?J , Emily 
Wafaa69@outlook.com , zi|G4]dp , Wafaa 
Duha61@yahoo.com , {?eCADfD , Duha 
Barbara16@hotmail.com , Xt*]U.mz , Barbara 
Susan86@yahoo.com , @:z:`~z0 , Susan 
Thomas98@gmail.com , #EnqyM;C , Thomas 
sarah11@comcast.net , \]@fR*Nh , sarah 
Xiaoli74@msn.com , z2_dStaL , Xiaoli 
Kaya22@gmail.com , f(B8S-Bi , Kaya 
William65@rediffmail.com , &AIuOTkt , William 
